{
  "protocol": {
    "device": "cuda",
    "L_D": 2.8130600452423096,
    "beta": 1.0,
    "tau_max": 0.6,
    "ell_cap": 0.6,
    "compatibility_cap": 0.7,
    "compatibility_margin": 0.09999999999999998,
    "certified": true,
    "fixed_tau": 0.6,
    "fixed_s": 0.1,
    "fixed_ell2": 0.4747984090883199,
    "ntest": 64,
    "eval_K": 1000,
    "ref_iters": 4000
  },
  "summary": [
    {
      "method": "plain-FBHF",
      "err_K_mean": 0.0007387462096062336,
      "err_K_std": 0.0007037554480391322,
      "err_K_median": 0.0005206779751460999,
      "oracle_K": 4000,
      "wall_time_K": 1.450302865356207,
      "network_forward_K": 0,
      "max_tau": 0.3090288043022156,
      "max_ell2": 0.24454396963119507
    },
    {
      "method": "certified-fixed",
      "err_K_mean": 0.00027995451864626375,
      "err_K_std": 0.00023869608848143547,
      "err_K_median": 0.00021387417655205354,
      "oracle_K": 4000,
      "wall_time_K": 1.4936485141515732,
      "network_forward_K": 0,
      "max_tau": 0.6000000238418579,
      "max_ell2": 0.47479841113090515
    },
    {
      "method": "certified-learned",
      "err_K_mean": 0.00026030402966625843,
      "err_K_std": 0.00024398753529638253,
      "err_K_median": 0.0001848734391387552,
      "oracle_K": 4000,
      "wall_time_K": 6.657719753682613,
      "network_forward_K": 1000,
      "max_tau": 0.6000000238418579,
      "max_ell2": 0.5697581171989441
    }
  ]
}