{
  "mode": "bv",
  "seed": 11,
  "test_seed": 20240707,
  "K_eval": 400,
  "metrics": {
    "plain-FBHF": {
      "err_K2": 0.040989648550748825,
      "err_K": 0.0183747299015522
    },
    "fixed-precond": {
      "err_K2": 0.005554370582103729,
      "err_K": 0.003514224197715521
    },
    "learned-warped(ours)": {
      "err_K2": 0.004136452451348305,
      "err_K": 0.002293303143233061
    }
  }
}