{
  "mode": "bv",
  "seed": 11,
  "test_seed": 20240704,
  "K_eval": 400,
  "metrics": {
    "plain-FBHF": {
      "err_K2": 0.03686416521668434,
      "err_K": 0.017507290467619896
    },
    "fixed-precond": {
      "err_K2": 0.006782083306461573,
      "err_K": 0.0035423601511865854
    },
    "learned-warped(ours)": {
      "err_K2": 0.004479914903640747,
      "err_K": 0.002351779956370592
    }
  }
}