{
  "mode": "bv",
  "seed": 11,
  "test_seed": 20240706,
  "K_eval": 400,
  "metrics": {
    "plain-FBHF": {
      "err_K2": 0.038859881460666656,
      "err_K": 0.019881699234247208
    },
    "fixed-precond": {
      "err_K2": 0.0051349676214158535,
      "err_K": 0.003362331772223115
    },
    "learned-warped(ours)": {
      "err_K2": 0.0038149154279381037,
      "err_K": 0.0024140579625964165
    }
  }
}