{
  "mode": "bv",
  "seed": 11,
  "test_seed": 20240705,
  "K_eval": 400,
  "metrics": {
    "plain-FBHF": {
      "err_K2": 0.0121688237413764,
      "err_K": 0.0027523015160113573
    },
    "fixed-precond": {
      "err_K2": 0.004310330376029015,
      "err_K": 0.0026460576336830854
    },
    "learned-warped(ours)": {
      "err_K2": 0.0031332531943917274,
      "err_K": 0.00166400708258152
    }
  }
}