{
  "protocol": {
    "device": "cuda",
    "L_D": 2.8130600452423096,
    "beta": 1.0,
    "tau_max": 0.6,
    "ell_cap": 0.6,
    "compatibility_cap": 0.7,
    "compatibility_margin": 0.09999999999999998,
    "certified": true,
    "fixed_tau": 0.6,
    "fixed_s": 0.1,
    "fixed_ell2": 0.4747984090883199,
    "ntest": 64,
    "eval_K": 1000,
    "ref_iters": 4000,
    "pdhg_ref_iters": 100000
  },
  "summary": [
    {
      "method": "plain-FBHF",
      "err_K_mean": 0.0008252181574448514,
      "err_K_std": 0.0008072841991204702,
      "err_K_median": 0.0005864318227395415,
      "oracle_K": 4000,
      "wall_time_K": 1.428720623254776,
      "network_forward_K": 0,
      "max_tau": 0.3090288043022156,
      "max_ell2": 0.24454396963119507
    },
    {
      "method": "certified-fixed",
      "err_K_mean": 0.0003918186965847781,
      "err_K_std": 0.00043422438817360804,
      "err_K_median": 0.0002345540196984075,
      "oracle_K": 4000,
      "wall_time_K": 1.4193268120288849,
      "network_forward_K": 0,
      "max_tau": 0.6000000238418579,
      "max_ell2": 0.47479841113090515
    },
    {
      "method": "certified-learned",
      "err_K_mean": 0.0003758166294005605,
      "err_K_std": 0.0004404148187601643,
      "err_K_median": 0.00021005912276450545,
      "oracle_K": 4000,
      "wall_time_K": 6.987061619758606,
      "network_forward_K": 1000,
      "max_tau": 0.6000000238418579,
      "max_ell2": 0.5697581171989441
    }
  ],
  "reference_diagnostics": {
    "reference": "Condat-Vu/PDHG",
    "pdhg_ref_iters": 100000,
    "pdhg_ref_half_iters": 50000,
    "old_fbhf_ref_iters_for_gap_only": 4000,
    "ref_self_gap_mean": 2.0739410047099227e-06,
    "ref_self_gap_median": 1.1346525070621283e-06,
    "ref_self_gap_max": 4.0254857594845816e-05,
    "old_fbhf_ref_gap_mean": 0.00015271286247298121,
    "old_fbhf_ref_gap_median": 3.636248948168941e-05,
    "old_fbhf_ref_gap_max": 0.0019193125190213323,
    "learned_vs_fixed_wins": 54,
    "learned_vs_fixed_sign_p": 1.9964982237862146e-08
  }
}